{"stats":{"minecraft:killed_by":{"minecraft:skeleton":1},"minecraft:killed":{"minecraft:pig":3,"minecraft:iron_golem":1,"minecraft:creeper":1,"minecraft:sheep":4,"minecraft:skeleton":2,"minecraft:zombie":1,"minecraft:chicken":3,"minecraft:cow":4},"minecraft:crafted":{"minecraft:oak_planks":20,"minecraft:crafting_table":1,"minecraft:cooked_chicken":1,"minecraft:wooden_pickaxe":2,"minecraft:stone_axe":2,"minecraft:air":0,"minecraft:stick":24,"minecraft:stone_pickaxe":2,"minecraft:acacia_planks":44},"minecraft:custom":{"minecraft:interact_with_furnace":4,"minecraft:mob_kills":19,"minecraft:interact_with_crafting_table":14,"minecraft:leave_game":4,"minecraft:time_since_death":14539,"minecraft:sleep_in_bed":1,"minecraft:climb_one_cm":4146,"minecraft:time_since_rest":14559,"minecraft:sprint_one_cm":184573,"minecraft:damage_taken":1658,"minecraft:walk_one_cm":109796,"minecraft:drop":4,"minecraft:damage_dealt":2849,"minecraft:swim_one_cm":76813,"minecraft:fly_one_cm":426078,"minecraft:player_kills":1,"minecraft:open_chest":2,"minecraft:crouch_one_cm":974,"minecraft:play_time":54697,"minecraft:deaths":4,"minecraft:sneak_time":547,"minecraft:walk_under_water_one_cm":8908,"minecraft:jump":1963,"minecraft:walk_on_water_one_cm":21868,"minecraft:total_world_time":54697,"minecraft:fall_one_cm":61519},"minecraft:picked_up":{"minecraft:crafting_table":3,"minecraft:feather":4,"minecraft:chicken":4,"minecraft:leather":5,"minecraft:brown_wool":1,"minecraft:wooden_pickaxe":1,"minecraft:oak_stairs":5,"minecraft:oak_log":5,"minecraft:yellow_bed":3,"minecraft:shield":1,"minecraft:gunpowder":2,"minecraft:dirt":10,"minecraft:string":5,"minecraft:raw_copper":11,"minecraft:bone":1,"minecraft:bow":1,"minecraft:wheat_seeds":12,"minecraft:iron_ingot":4,"minecraft:beef":7,"minecraft:stone_pickaxe":2,"minecraft:sugar_cane":2,"minecraft:acacia_sapling":1,"minecraft:egg":7,"minecraft:raw_iron":2,"minecraft:stick":7,"minecraft:acacia_log":18,"minecraft:spruce_stairs":2,"minecraft:porkchop":6,"minecraft:sand":18,"minecraft:spider_eye":4,"minecraft:stone_sword":1,"minecraft:arrow":4,"minecraft:rotten_flesh":6,"minecraft:stone_axe":3,"minecraft:jungle_stairs":22,"minecraft:bread":15,"minecraft:mangrove_roots":1,"minecraft:coal":5,"minecraft:mutton":5,"minecraft:mangrove_propagule":3,"minecraft:white_wool":6,"minecraft:cobblestone":22},"minecraft:broken":{"minecraft:stone_axe":1},"minecraft:used":{"minecraft:acacia_log":3,"minecraft:stone_pickaxe":16,"minecraft:wooden_pickaxe":25,"minecraft:cooked_chicken":1,"minecraft:rotten_flesh":3,"minecraft:dirt":5,"minecraft:sand":1,"minecraft:mutton":5,"minecraft:crafting_table":2,"minecraft:chicken":3,"minecraft:bread":2,"minecraft:stone_axe":57,"minecraft:cobblestone":6,"minecraft:beef":5,"minecraft:mangrove_roots":1,"minecraft:porkchop":6,"minecraft:yellow_bed":1,"minecraft:egg":7},"minecraft:mined":{"minecraft:acacia_leaves":4,"minecraft:mangrove_roots":1,"minecraft:crafting_table":3,"minecraft:acacia_log":20,"minecraft:grass_block":4,"minecraft:copper_ore":3,"minecraft:tall_grass":31,"minecraft:sugar_cane":2,"minecraft:tall_seagrass":1,"minecraft:iron_ore":4,"minecraft:mangrove_leaves":1,"minecraft:yellow_bed":1,"minecraft:grass":77,"minecraft:coal_ore":7,"minecraft:oak_log":5,"minecraft:sand":1,"minecraft:dirt":6,"minecraft:stone":21,"minecraft:oak_leaves":9},"minecraft:dropped":{"minecraft:moss_block":1,"minecraft:crafting_table":1,"minecraft:mangrove_propagule":3,"minecraft:rotten_flesh":1}},"DataVersion":3465}