{"stats":{"minecraft:broken":{"minecraft:golden_chestplate":1},"minecraft:killed_by":{"minecraft:player":1,"minecraft:piglin_brute":3,"minecraft:magma_cube":1,"minecraft:piglin":1,"minecraft:hoglin":1,"minecraft:skeleton":1,"minecraft:blaze":4},"minecraft:used":{"minecraft:stone_sword":137,"minecraft:elytra":1,"minecraft:chest":1,"minecraft:spruce_planks":3,"minecraft:shield":58,"minecraft:iron_sword":391,"minecraft:stone_hoe":81,"minecraft:netherrack":64,"minecraft:torch":14,"minecraft:soul_sand":8,"minecraft:dirt":412,"minecraft:nether_bricks":22,"minecraft:twisting_vines":1,"minecraft:golden_chestplate":1,"minecraft:lava_bucket":4,"minecraft:warped_nylium":2,"minecraft:iron_helmet":4,"minecraft:iron_boots":1,"minecraft:crimson_planks":2,"minecraft:golden_carrot":2,"minecraft:bow":46,"minecraft:hay_block":4,"minecraft:soul_soil":6,"minecraft:oak_sapling":1,"minecraft:furnace":2,"minecraft:egg":1,"minecraft:cooked_beef":2,"minecraft:iron_leggings":4,"minecraft:crimson_stem":1,"minecraft:end_stone_bricks":2,"minecraft:cooked_mutton":2,"minecraft:water_bucket":16,"minecraft:diorite":4,"minecraft:acacia_boat":22,"minecraft:chorus_fruit":1,"minecraft:oak_planks":22,"minecraft:stone_pickaxe":84,"minecraft:ender_pearl":22,"minecraft:blackstone":6,"minecraft:wooden_pickaxe":35,"minecraft:sandstone":3,"minecraft:polished_blackstone_bricks":1,"minecraft:crafting_table":6,"minecraft:red_bed":3,"minecraft:end_stone":10,"minecraft:smoker":1,"minecraft:diamond_pickaxe":19,"minecraft:cracked_polished_blackstone_bricks":3,"minecraft:bread":135,"minecraft:iron_pickaxe":170,"minecraft:spruce_trapdoor":3,"minecraft:lilac":1,"minecraft:stone_axe":101,"minecraft:diamond_sword":52,"minecraft:nether_wart_block":2,"minecraft:cobblestone":39,"minecraft:porkchop":6,"minecraft:cooked_porkchop":1,"minecraft:bucket":20,"minecraft:diamond_leggings":2},"minecraft:crafted":{"minecraft:oak_planks":56,"minecraft:furnace":3,"minecraft:cooked_mutton":3,"minecraft:stone_pickaxe":2,"minecraft:chest":1,"minecraft:stone_hoe":1,"minecraft:smoker":1,"minecraft:wheat":656,"minecraft:crimson_planks":16,"minecraft:cooked_porkchop":17,"minecraft:crafting_table":5,"minecraft:wooden_pickaxe":2,"minecraft:iron_helmet":1,"minecraft:iron_sword":1,"minecraft:stone_axe":2,"minecraft:air":0,"minecraft:bread":222,"minecraft:shield":3,"minecraft:stick":24,"minecraft:iron_ingot":13,"minecraft:iron_pickaxe":1,"minecraft:stone_sword":2,"minecraft:acacia_planks":44,"minecraft:torch":8},"minecraft:mined":{"minecraft:dragon_wall_head":1,"minecraft:spruce_planks":4,"minecraft:end_stone":10,"minecraft:nether_bricks":14,"minecraft:acacia_log":12,"minecraft:grass_block":12,"minecraft:jungle_planks":21,"minecraft:jungle_log":2,"minecraft:cracked_polished_blackstone_bricks":3,"minecraft:soul_soil":3,"minecraft:sandstone":3,"minecraft:crimson_stem":6,"minecraft:hay_block":88,"minecraft:polished_blackstone_bricks":4,"minecraft:furnace":1,"minecraft:nether_sprouts":5,"minecraft:iron_ore":4,"minecraft:fire":29,"minecraft:azure_bluet":1,"minecraft:gold_block":2,"minecraft:nether_brick_fence":2,"minecraft:pointed_dripstone":1,"minecraft:deepslate_iron_ore":9,"minecraft:iron_bars":2,"minecraft:stripped_oak_log":4,"minecraft:end_stone_bricks":8,"minecraft:stone":64,"minecraft:acacia_leaves":1,"minecraft:soul_sand":8,"minecraft:red_bed":2,"minecraft:blackstone":11,"minecraft:magenta_stained_glass":9,"minecraft:twisting_vines_plant":1,"minecraft:crimson_nylium":1,"minecraft:soul_fire":1,"minecraft:basalt":1,"minecraft:purpur_stairs":1,"minecraft:dandelion":1,"minecraft:crafting_table":1,"minecraft:torch":5,"minecraft:jungle_stairs":8,"minecraft:warped_roots":17,"minecraft:purpur_pillar":2,"minecraft:tall_grass":13,"minecraft:cobblestone":12,"minecraft:lily_pad":1,"minecraft:sugar_cane":12,"minecraft:diorite":4,"minecraft:wall_torch":2,"minecraft:warped_wart_block":3,"minecraft:warped_nylium":1,"minecraft:nether_wart_block":2,"minecraft:lilac":1,"minecraft:purpur_block":2,"minecraft:grass":20,"minecraft:oak_log":15,"minecraft:coal_ore":37,"minecraft:end_rod":8,"minecraft:sand":14,"minecraft:dirt":53,"minecraft:cracked_stone_bricks":1,"minecraft:deepslate":2,"minecraft:netherrack":63,"minecraft:oak_leaves":3},"minecraft:custom":{"minecraft:mob_kills":114,"minecraft:interact_with_crafting_table":32,"minecraft:leave_game":3,"minecraft:time_since_death":0,"minecraft:climb_one_cm":3363,"minecraft:sprint_one_cm":668981,"minecraft:walk_one_cm":370497,"minecraft:damage_blocked_by_shield":3041,"minecraft:drop":58,"minecraft:play_time":233834,"minecraft:interact_with_brewingstand":1,"minecraft:deaths":20,"minecraft:sneak_time":17441,"minecraft:walk_under_water_one_cm":19920,"minecraft:boat_one_cm":9360,"minecraft:jump":7026,"minecraft:walk_on_water_one_cm":30938,"minecraft:total_world_time":233834,"minecraft:interact_with_furnace":23,"minecraft:sleep_in_bed":1,"minecraft:time_since_rest":46,"minecraft:open_enderchest":1,"minecraft:damage_taken":12741,"minecraft:damage_dealt":25414,"minecraft:swim_one_cm":22241,"minecraft:fly_one_cm":3064318,"minecraft:open_chest":27,"minecraft:crouch_one_cm":46650,"minecraft:aviate_one_cm":183311,"minecraft:fall_one_cm":208210,"minecraft:interact_with_smoker":5},"minecraft:picked_up":{"minecraft:shulker_shell":3,"minecraft:iron_chestplate":5,"minecraft:crafting_table":2,"minecraft:wheat":10,"minecraft:azure_bluet":1,"minecraft:chicken":2,"minecraft:nether_brick_fence":13,"minecraft:diamond_sword":1,"minecraft:gold_block":1,"minecraft:dragon_head":1,"minecraft:crimson_planks":22,"minecraft:purpur_block":2,"minecraft:shield":12,"minecraft:elytra":2,"minecraft:red_bed":3,"minecraft:string":5,"minecraft:soul_soil":7,"minecraft:iron_leggings":5,"minecraft:netherite_scrap":1,"minecraft:item_frame":1,"minecraft:blackstone":12,"minecraft:cracked_stone_bricks":1,"minecraft:diamond_leggings":3,"minecraft:cobbled_deepslate":2,"minecraft:bucket":1,"minecraft:spruce_planks":3,"minecraft:beef":6,"minecraft:iron_pickaxe":4,"minecraft:sugar_cane":16,"minecraft:spruce_trapdoor":1,"minecraft:furnace":1,"minecraft:iron_boots":1,"minecraft:egg":1,"minecraft:sandstone":3,"minecraft:stick":1,"minecraft:raw_iron":13,"minecraft:end_stone":10,"minecraft:purpur_pillar":1,"minecraft:torch":9,"minecraft:acacia_log":11,"minecraft:porkchop":32,"minecraft:polished_blackstone_bricks":5,"minecraft:pointed_dripstone":1,"minecraft:diorite":4,"minecraft:golden_chestplate":2,"minecraft:arrow":71,"minecraft:weeping_vines":1,"minecraft:rotten_flesh":11,"minecraft:jungle_stairs":17,"minecraft:nether_bricks":86,"minecraft:diamond_boots":3,"minecraft:hay_block":114,"minecraft:iron_block":6,"minecraft:end_rod":8,"minecraft:gold_ingot":2,"minecraft:blaze_rod":56,"minecraft:mutton":6,"minecraft:iron_bars":11,"minecraft:white_wool":1,"minecraft:cobblestone":94,"minecraft:stripped_oak_log":4,"minecraft:cooked_beef":2,"minecraft:basalt":1,"minecraft:feather":3,"minecraft:lilac":1,"minecraft:magma_cream":2,"minecraft:golden_carrot":2,"minecraft:crimson_stem":7,"minecraft:water_bucket":2,"minecraft:jungle_log":2,"minecraft:brown_wool":1,"minecraft:leather":4,"minecraft:purpur_stairs":1,"minecraft:oak_log":14,"minecraft:lily_pad":2,"minecraft:yellow_bed":1,"minecraft:nether_wart_block":2,"minecraft:acacia_boat":22,"minecraft:dirt":144,"minecraft:lantern":1,"minecraft:twisting_vines":1,"minecraft:bone":17,"minecraft:bow":1,"minecraft:wheat_seeds":4,"minecraft:iron_ingot":1,"minecraft:stone_pickaxe":1,"minecraft:glowstone_dust":18,"minecraft:iron_sword":8,"minecraft:soul_sand":8,"minecraft:warped_fungus":3,"minecraft:warped_wart_block":3,"minecraft:jungle_planks":21,"minecraft:sand":14,"minecraft:spider_eye":3,"minecraft:dragon_egg":1,"minecraft:snout_armor_trim_smithing_template":1,"minecraft:slime_ball":22,"minecraft:stone_axe":2,"minecraft:cracked_polished_blackstone_bricks":8,"minecraft:iron_helmet":9,"minecraft:crossbow":5,"minecraft:bread":541,"minecraft:warped_roots":28,"minecraft:mangrove_propagule":1,"minecraft:warped_nylium":3,"minecraft:netherrack":123,"minecraft:oak_sapling":2,"minecraft:black_wool":2,"minecraft:chorus_fruit":1,"minecraft:coal":51,"minecraft:diamond_pickaxe":1,"minecraft:end_stone_bricks":7,"minecraft:ender_pearl":6},"minecraft:dropped":{"minecraft:bread":351,"minecraft:iron_sword":3,"minecraft:ender_pearl":3,"minecraft:diamond_leggings":1,"minecraft:iron_helmet":3,"minecraft:cobblestone":11,"minecraft:elytra":1,"minecraft:lava_bucket":1,"minecraft:dirt":64,"minecraft:iron_leggings":2,"minecraft:iron_pickaxe":4,"minecraft:blaze_rod":13,"minecraft:rotten_flesh":4,"minecraft:diamond_sword":1,"minecraft:shield":7,"minecraft:spruce_trapdoor":1,"minecraft:dragon_egg":1,"minecraft:iron_chestplate":3,"minecraft:diamond_boots":1,"minecraft:slime_ball":11,"minecraft:bow":2,"minecraft:arrow":117,"minecraft:netherrack":6},"minecraft:killed":{"minecraft:spider":4,"minecraft:slime":11,"minecraft:shulker":5,"minecraft:skeleton":6,"minecraft:chicken":2,"minecraft:piglin_brute":5,"minecraft:piglin":7,"minecraft:pig":18,"minecraft:iron_golem":1,"minecraft:ender_dragon":1,"minecraft:sheep":3,"minecraft:zombie":9,"minecraft:enderman":20,"minecraft:blaze":13,"minecraft:cow":3}},"DataVersion":3465}