{"stats":{"minecraft:killed_by":{"minecraft:ghast":1,"minecraft:player":1,"minecraft:piglin_brute":1,"minecraft:ender_dragon":1,"minecraft:piglin":1,"minecraft:hoglin":2},"minecraft:used":{"minecraft:purpur_block":2,"minecraft:stone_sword":10,"minecraft:flint_and_steel":1,"minecraft:stone_shovel":66,"minecraft:poppy":1,"minecraft:shield":65,"minecraft:iron_sword":40,"minecraft:rotten_flesh":1,"minecraft:iron_chestplate":1,"minecraft:netherrack":76,"minecraft:torch":7,"minecraft:mutton":1,"minecraft:dirt":295,"minecraft:jungle_planks":11,"minecraft:nether_bricks":13,"minecraft:carrot":11,"minecraft:obsidian":6,"minecraft:lava_bucket":3,"minecraft:iron_axe":30,"minecraft:warped_nylium":1,"minecraft:iron_helmet":1,"minecraft:iron_boots":1,"minecraft:crimson_roots":1,"minecraft:basalt":3,"minecraft:golden_carrot":2,"minecraft:bow":67,"minecraft:beef":7,"minecraft:soul_soil":14,"minecraft:furnace":1,"minecraft:egg":4,"minecraft:cooked_beef":1,"minecraft:cobbled_deepslate":3,"minecraft:acacia_planks":1,"minecraft:iron_leggings":3,"minecraft:crimson_stem":2,"minecraft:diorite":4,"minecraft:water_bucket":15,"minecraft:stone_pickaxe":80,"minecraft:ender_pearl":3,"minecraft:blackstone":2,"minecraft:wooden_pickaxe":41,"minecraft:blue_bed":1,"minecraft:leather_boots":1,"minecraft:warped_roots":4,"minecraft:polished_blackstone_bricks":6,"minecraft:golden_apple":2,"minecraft:white_wool":3,"minecraft:crafting_table":7,"minecraft:red_bed":1,"minecraft:crossbow":14,"minecraft:end_stone":10,"minecraft:ender_eye":19,"minecraft:black_wool":1,"minecraft:oxeye_daisy":1,"minecraft:cracked_polished_blackstone_bricks":13,"minecraft:chicken":8,"minecraft:bread":81,"minecraft:iron_pickaxe":227,"minecraft:leather_helmet":1,"minecraft:crimson_nylium":1,"minecraft:golden_leggings":1,"minecraft:stone_axe":178,"minecraft:nether_wart_block":16,"minecraft:diamond_sword":184,"minecraft:crimson_fungus":2,"minecraft:cobblestone":69,"minecraft:cooked_porkchop":8,"minecraft:bucket":19,"minecraft:diamond_leggings":1,"minecraft:oak_boat":17,"minecraft:dandelion":1},"minecraft:crafted":{"minecraft:oak_planks":76,"minecraft:stone_shovel":1,"minecraft:leather_boots":1,"minecraft:blaze_powder":26,"minecraft:furnace":1,"minecraft:bow":1,"minecraft:iron_boots":1,"minecraft:iron_axe":1,"minecraft:stone_pickaxe":2,"minecraft:ender_eye":13,"minecraft:golden_boots":1,"minecraft:cooked_beef":3,"minecraft:red_dye":5,"minecraft:crimson_planks":28,"minecraft:diamond_sword":1,"minecraft:cooked_porkchop":19,"minecraft:crafting_table":4,"minecraft:wooden_pickaxe":2,"minecraft:red_bed":2,"minecraft:red_wool":3,"minecraft:leather_helmet":1,"minecraft:bucket":3,"minecraft:stone_axe":5,"minecraft:air":0,"minecraft:jungle_planks":16,"minecraft:oak_boat":1,"minecraft:golden_leggings":1,"minecraft:shield":3,"minecraft:stick":40,"minecraft:iron_ingot":19,"minecraft:iron_pickaxe":1,"minecraft:stone_sword":2,"minecraft:iron_leggings":1,"minecraft:gold_ingot":14,"minecraft:acacia_planks":52,"minecraft:torch":8},"minecraft:mined":{"minecraft:spruce_planks":8,"minecraft:white_bed":1,"minecraft:deepslate_diamond_ore":2,"minecraft:end_stone":10,"minecraft:nether_bricks":21,"minecraft:acacia_log":13,"minecraft:grass_block":18,"minecraft:jungle_planks":31,"minecraft:jungle_log":4,"minecraft:crimson_roots":2,"minecraft:cracked_polished_blackstone_bricks":17,"minecraft:weeping_vines":1,"minecraft:soul_soil":13,"minecraft:spawner":2,"minecraft:crimson_stem":8,"minecraft:polished_blackstone_bricks":7,"minecraft:glowstone":3,"minecraft:furnace":1,"minecraft:iron_ore":18,"minecraft:fire":3,"minecraft:deepslate_iron_ore":3,"minecraft:oak_stairs":6,"minecraft:stone":98,"minecraft:ender_chest":1,"minecraft:acacia_leaves":3,"minecraft:blackstone":6,"minecraft:soul_fire":3,"minecraft:basalt":3,"minecraft:crafting_table":6,"minecraft:cornflower":1,"minecraft:jungle_stairs":20,"minecraft:blast_furnace":1,"minecraft:poppy":3,"minecraft:warped_roots":2,"minecraft:tall_grass":2,"minecraft:cobblestone":12,"minecraft:deepslate_gold_ore":5,"minecraft:oak_planks":4,"minecraft:diorite":4,"minecraft:wall_torch":2,"minecraft:blue_bed":1,"minecraft:spruce_stairs":2,"minecraft:chain":2,"minecraft:nether_wart_block":7,"minecraft:white_carpet":2,"minecraft:purpur_block":2,"minecraft:mangrove_leaves":2,"minecraft:yellow_bed":2,"minecraft:grass":7,"minecraft:oak_log":19,"minecraft:coal_ore":18,"minecraft:sand":3,"minecraft:dirt":117,"minecraft:netherrack":88,"minecraft:oak_leaves":2,"minecraft:deepslate":3},"minecraft:custom":{"minecraft:mob_kills":93,"minecraft:interact_with_crafting_table":42,"minecraft:leave_game":2,"minecraft:time_since_death":19276,"minecraft:climb_one_cm":6011,"minecraft:sprint_one_cm":626017,"minecraft:walk_one_cm":445002,"minecraft:damage_blocked_by_shield":1914,"minecraft:drop":99,"minecraft:talked_to_villager":1,"minecraft:play_time":202225,"minecraft:deaths":9,"minecraft:sneak_time":9521,"minecraft:walk_under_water_one_cm":8394,"minecraft:boat_one_cm":9727,"minecraft:jump":5214,"minecraft:interact_with_brewingstand":1,"minecraft:walk_on_water_one_cm":31551,"minecraft:total_world_time":202225,"minecraft:interact_with_furnace":29,"minecraft:sleep_in_bed":4,"minecraft:time_since_rest":19337,"minecraft:open_enderchest":2,"minecraft:damage_absorbed":80,"minecraft:damage_taken":7516,"minecraft:damage_dealt":17033,"minecraft:player_kills":1,"minecraft:swim_one_cm":42860,"minecraft:fly_one_cm":1598908,"minecraft:open_chest":44,"minecraft:crouch_one_cm":33780,"minecraft:fall_one_cm":138857,"minecraft:interact_with_smoker":10},"minecraft:picked_up":{"minecraft:shulker_shell":1,"minecraft:iron_chestplate":3,"minecraft:crafting_table":6,"minecraft:chicken":10,"minecraft:diamond_sword":2,"minecraft:oak_stairs":10,"minecraft:chain":2,"minecraft:purpur_block":2,"minecraft:shield":7,"minecraft:cornflower":1,"minecraft:string":3,"minecraft:soul_soil":14,"minecraft:iron_axe":1,"minecraft:white_carpet":2,"minecraft:iron_leggings":4,"minecraft:blackstone":5,"minecraft:diamond_leggings":2,"minecraft:cobbled_deepslate":3,"minecraft:spruce_planks":9,"minecraft:beef":10,"minecraft:oak_boat":17,"minecraft:ender_eye":10,"minecraft:poppy":6,"minecraft:iron_pickaxe":5,"minecraft:furnace":1,"minecraft:egg":4,"minecraft:stick":5,"minecraft:raw_iron":21,"minecraft:end_stone":13,"minecraft:torch":5,"minecraft:acacia_log":13,"minecraft:spruce_stairs":4,"minecraft:porkchop":10,"minecraft:polished_blackstone_bricks":6,"minecraft:diorite":8,"minecraft:stone_sword":2,"minecraft:arrow":67,"minecraft:rotten_flesh":7,"minecraft:jungle_stairs":14,"minecraft:nether_bricks":21,"minecraft:diamond_boots":2,"minecraft:blaze_rod":18,"minecraft:obsidian":8,"minecraft:mutton":15,"minecraft:white_wool":5,"minecraft:cobblestone":133,"minecraft:oxeye_daisy":2,"minecraft:feather":11,"minecraft:basalt":3,"minecraft:water_bucket":2,"minecraft:crimson_stem":9,"minecraft:jungle_log":4,"minecraft:brown_wool":1,"minecraft:leather":9,"minecraft:crimson_fungus":2,"minecraft:oak_log":19,"minecraft:yellow_bed":2,"minecraft:nether_wart_block":16,"minecraft:blue_bed":1,"minecraft:dirt":214,"minecraft:lantern":1,"minecraft:bone":15,"minecraft:bow":3,"minecraft:raw_gold":5,"minecraft:stone_pickaxe":3,"minecraft:iron_ingot":8,"minecraft:glowstone_dust":9,"minecraft:iron_sword":4,"minecraft:oak_planks":7,"minecraft:dandelion":1,"minecraft:lava_bucket":1,"minecraft:sand":3,"minecraft:jungle_planks":30,"minecraft:blast_furnace":1,"minecraft:white_bed":1,"minecraft:dragon_egg":1,"minecraft:spider_eye":1,"minecraft:diamond":2,"minecraft:stone_axe":1,"minecraft:cracked_polished_blackstone_bricks":14,"minecraft:iron_helmet":4,"minecraft:golden_apple":1,"minecraft:crimson_nylium":1,"minecraft:gray_wool":1,"minecraft:warped_nylium":1,"minecraft:warped_roots":8,"minecraft:bread":386,"minecraft:netherrack":100,"minecraft:black_wool":3,"minecraft:coal":32,"minecraft:crimson_roots":2,"minecraft:ender_pearl":15},"minecraft:dropped":{"minecraft:water_bucket":1,"minecraft:bread":24,"minecraft:iron_sword":1,"minecraft:cooked_beef":2,"minecraft:diamond_leggings":1,"minecraft:iron_helmet":1,"minecraft:warped_roots":4,"minecraft:spruce_stairs":4,"minecraft:stick":4,"minecraft:oxeye_daisy":1,"minecraft:red_bed":1,"minecraft:golden_carrot":2,"minecraft:cornflower":1,"minecraft:mutton":2,"minecraft:crimson_roots":1,"minecraft:iron_leggings":2,"minecraft:chain":2,"minecraft:oak_stairs":10,"minecraft:red_dye":1,"minecraft:bucket":1,"minecraft:acacia_planks":2,"minecraft:bone":1,"minecraft:stone_axe":1,"minecraft:golden_chestplate":1,"minecraft:stone_sword":2,"minecraft:blaze_rod":5,"minecraft:stone_shovel":1,"minecraft:chicken":2,"minecraft:rotten_flesh":6,"minecraft:iron_boots":2,"minecraft:glowstone_dust":3,"minecraft:ender_eye":4,"minecraft:shield":2,"minecraft:iron_chestplate":1,"minecraft:jungle_stairs":14,"minecraft:yellow_bed":1,"minecraft:golden_leggings":1,"minecraft:diamond_boots":1,"minecraft:arrow":1,"minecraft:wooden_pickaxe":1,"minecraft:stone_pickaxe":3,"minecraft:black_wool":2},"minecraft:killed":{"minecraft:spider":1,"minecraft:shulker":1,"minecraft:skeleton":9,"minecraft:chicken":9,"minecraft:magma_cube":5,"minecraft:piglin":5,"minecraft:pig":4,"minecraft:iron_golem":1,"minecraft:hoglin":1,"minecraft:sheep":9,"minecraft:zombie":6,"minecraft:cow":9,"minecraft:enderman":23,"minecraft:blaze":5}},"DataVersion":3465}