{"stats":{"minecraft:killed":{"minecraft:spider":15,"minecraft:horse":3,"minecraft:skeleton":21,"minecraft:magma_cube":2,"minecraft:sheep":3,"minecraft:zombie":23,"minecraft:wither_skeleton":6,"minecraft:enderman":40,"minecraft:blaze":14,"minecraft:cow":9},"minecraft:dropped":{"minecraft:bread":15,"minecraft:wheat_seeds":6,"minecraft:warped_fungus":5,"minecraft:mangrove_propagule":6,"minecraft:feather":6,"minecraft:glow_berries":1,"minecraft:warped_roots":23,"minecraft:spruce_stairs":2,"minecraft:coal":2,"minecraft:stick":8,"minecraft:dirt":3,"minecraft:diorite":1,"minecraft:wooden_axe":1,"minecraft:fire_charge":1,"minecraft:oak_stairs":5,"minecraft:polished_blackstone_brick_slab":2,"minecraft:sand":17,"minecraft:iron_pickaxe":1,"minecraft:string":1,"minecraft:white_wool":2,"minecraft:redstone":9,"minecraft:smooth_basalt":4,"minecraft:moss_carpet":4,"minecraft:stone_axe":1,"minecraft:warped_nylium":16,"minecraft:iron_nugget":2,"minecraft:stone_sword":3,"minecraft:twisting_vines":2,"minecraft:pointed_dripstone":10,"minecraft:chicken":1,"minecraft:rotten_flesh":5,"minecraft:oak_planks":4,"minecraft:nether_brick_fence":4,"minecraft:shield":1,"minecraft:jungle_stairs":22,"minecraft:yellow_bed":1,"minecraft:leather_boots":1,"minecraft:leather_leggings":1,"minecraft:spider_eye":4,"minecraft:arrow":13,"minecraft:wooden_pickaxe":3,"minecraft:beef":1,"minecraft:bow":3,"minecraft:stone_pickaxe":3,"minecraft:warped_wart_block":2,"minecraft:magma_block":1,"minecraft:netherrack":34},"minecraft:killed_by":{"minecraft:player":1,"minecraft:skeleton":2},"minecraft:mined":{"minecraft:tuff":12,"minecraft:white_bed":8,"minecraft:deepslate_diamond_ore":14,"minecraft:brewing_stand":1,"minecraft:obsidian":6,"minecraft:nether_bricks":26,"minecraft:acacia_log":15,"minecraft:grass_block":12,"minecraft:soul_soil":3,"minecraft:polished_blackstone_brick_slab":2,"minecraft:nether_wart":30,"minecraft:hay_block":2,"minecraft:tall_seagrass":10,"minecraft:spore_blossom":1,"minecraft:magma_block":1,"minecraft:furnace":4,"minecraft:nether_sprouts":2,"minecraft:iron_ore":30,"minecraft:cobbled_deepslate":1,"minecraft:fire":21,"minecraft:deepslate_lapis_ore":8,"minecraft:enchanting_table":1,"minecraft:twisting_vines":2,"minecraft:nether_brick_fence":4,"minecraft:pointed_dripstone":2,"minecraft:deepslate_iron_ore":14,"minecraft:orange_bed":1,"minecraft:stone":86,"minecraft:bone_block":42,"minecraft:deepslate_redstone_ore":3,"minecraft:acacia_leaves":1,"minecraft:glass_pane":1,"minecraft:soul_sand":5,"minecraft:twisting_vines_plant":1,"minecraft:soul_fire":6,"minecraft:basalt":68,"minecraft:clay":6,"minecraft:crafting_table":8,"minecraft:calcite":2,"minecraft:poppy":1,"minecraft:warped_roots":8,"minecraft:tall_grass":1,"minecraft:cobblestone":2,"minecraft:sugar_cane":11,"minecraft:diorite":10,"minecraft:wall_torch":1,"minecraft:warped_wart_block":3,"minecraft:seagrass":2,"minecraft:warped_nylium":60,"minecraft:mangrove_leaves":3,"minecraft:yellow_bed":2,"minecraft:grass":16,"minecraft:oak_log":1,"minecraft:coal_ore":15,"minecraft:gravel":13,"minecraft:dripstone_block":8,"minecraft:dirt":20,"minecraft:smooth_basalt":3,"minecraft:netherrack":478,"minecraft:deepslate":95},"minecraft:used":{"minecraft:moss_block":11,"minecraft:enchanting_table":1,"minecraft:stone_sword":34,"minecraft:flint_and_steel":3,"minecraft:bone_block":14,"minecraft:chest":1,"minecraft:spruce_planks":7,"minecraft:shield":74,"minecraft:iron_sword":139,"minecraft:rotten_flesh":15,"minecraft:netherrack":243,"minecraft:orange_bed":1,"minecraft:torch":32,"minecraft:soul_sand":5,"minecraft:dirt":17,"minecraft:nether_bricks":3,"minecraft:jungle_planks":2,"minecraft:acacia_sapling":1,"minecraft:obsidian":2,"minecraft:wooden_axe":4,"minecraft:lava_bucket":20,"minecraft:iron_boots":1,"minecraft:soul_soil":3,"minecraft:furnace":8,"minecraft:egg":1,"minecraft:cooked_beef":15,"minecraft:acacia_planks":13,"minecraft:cobbled_deepslate":92,"minecraft:acacia_boat":48,"minecraft:calcite":1,"minecraft:cooked_mutton":6,"minecraft:water_bucket":37,"minecraft:stone_pickaxe":127,"minecraft:ender_pearl":1,"minecraft:wooden_pickaxe":22,"minecraft:jungle_boat":3,"minecraft:crafting_table":16,"minecraft:white_bed":10,"minecraft:dripstone_block":13,"minecraft:redstone_torch":4,"minecraft:ender_eye":9,"minecraft:diamond_pickaxe":745,"minecraft:bread":83,"minecraft:iron_pickaxe":167,"minecraft:stone_axe":44,"minecraft:diamond_sword":379,"minecraft:cobblestone":17,"minecraft:cooked_porkchop":1,"minecraft:bucket":61,"minecraft:yellow_bed":1},"minecraft:picked_up":{"minecraft:wooden_axe":1,"minecraft:crafting_table":11,"minecraft:nether_brick_fence":4,"minecraft:nether_wart":30,"minecraft:chicken":1,"minecraft:clay_ball":50,"minecraft:leather_leggings":1,"minecraft:wooden_pickaxe":3,"minecraft:oak_stairs":5,"minecraft:brewing_stand":1,"minecraft:shield":2,"minecraft:string":21,"minecraft:moss_carpet":4,"minecraft:soul_soil":3,"minecraft:cobbled_deepslate":101,"minecraft:spruce_planks":7,"minecraft:beef":16,"minecraft:ender_eye":7,"minecraft:calcite":1,"minecraft:poppy":1,"minecraft:sugar_cane":36,"minecraft:furnace":5,"minecraft:iron_boots":1,"minecraft:egg":1,"minecraft:polished_blackstone_brick_slab":2,"minecraft:stick":7,"minecraft:raw_iron":47,"minecraft:torch":1,"minecraft:acacia_log":32,"minecraft:spruce_stairs":2,"minecraft:pointed_dripstone":12,"minecraft:diorite":11,"minecraft:redstone":13,"minecraft:orange_bed":1,"minecraft:stone_sword":3,"minecraft:arrow":19,"minecraft:rotten_flesh":33,"minecraft:nether_bricks":26,"minecraft:jungle_stairs":22,"minecraft:hay_block":10,"minecraft:blaze_rod":7,"minecraft:obsidian":6,"minecraft:glow_berries":1,"minecraft:mutton":5,"minecraft:bone_block":42,"minecraft:white_wool":6,"minecraft:cobblestone":184,"minecraft:enchanting_table":1,"minecraft:magma_block":1,"minecraft:basalt":64,"minecraft:jungle_boat":3,"minecraft:feather":18,"minecraft:jungle_log":6,"minecraft:leather":6,"minecraft:crimson_fungus":1,"minecraft:flint":2,"minecraft:tuff":16,"minecraft:oak_log":1,"minecraft:yellow_bed":2,"minecraft:acacia_boat":47,"minecraft:lapis_lazuli":54,"minecraft:dirt":27,"minecraft:twisting_vines":2,"minecraft:leather_boots":1,"minecraft:cooked_mutton":1,"minecraft:bone":22,"minecraft:acacia_planks":62,"minecraft:bow":5,"minecraft:wheat_seeds":6,"minecraft:spore_blossom":1,"minecraft:stone_pickaxe":3,"minecraft:iron_ingot":10,"minecraft:soul_sand":5,"minecraft:moss_block":11,"minecraft:acacia_sapling":1,"minecraft:oak_planks":8,"minecraft:warped_fungus":5,"minecraft:smooth_basalt":4,"minecraft:cooked_porkchop":1,"minecraft:warped_wart_block":2,"minecraft:dripstone_block":15,"minecraft:gravel":25,"minecraft:sand":17,"minecraft:jungle_planks":120,"minecraft:blast_furnace":1,"minecraft:ink_sac":5,"minecraft:grass_block":1,"minecraft:white_bed":9,"minecraft:spider_eye":4,"minecraft:diamond":14,"minecraft:stone_axe":1,"minecraft:warped_roots":23,"minecraft:bread":28,"minecraft:warped_nylium":16,"minecraft:oak_sapling":1,"minecraft:netherrack":474,"minecraft:mangrove_propagule":6,"minecraft:coal":20,"minecraft:ender_pearl":17},"minecraft:broken":{"minecraft:stone_pickaxe":1},"minecraft:crafted":{"minecraft:oak_planks":4,"minecraft:iron_nugget":45,"minecraft:blaze_powder":14,"minecraft:furnace":3,"minecraft:cooked_mutton":5,"minecraft:flint_and_steel":2,"minecraft:diamond_leggings":1,"minecraft:iron_boots":1,"minecraft:stone_pickaxe":1,"minecraft:chest":1,"minecraft:ender_eye":14,"minecraft:wheat":90,"minecraft:cooked_beef":15,"minecraft:diamond_sword":1,"minecraft:crafting_table":6,"minecraft:enchanting_table":1,"minecraft:jungle_boat":1,"minecraft:wooden_pickaxe":1,"minecraft:iron_helmet":2,"minecraft:iron_sword":2,"minecraft:bucket":2,"minecraft:stone_axe":1,"minecraft:acacia_boat":1,"minecraft:bread":30,"minecraft:air":0,"minecraft:book":1,"minecraft:iron_chestplate":1,"minecraft:diamond_pickaxe":1,"minecraft:shield":2,"minecraft:stick":36,"minecraft:iron_ingot":56,"minecraft:iron_pickaxe":1,"minecraft:wooden_axe":1,"minecraft:iron_leggings":1,"minecraft:white_bed":1,"minecraft:redstone_torch":4,"minecraft:acacia_planks":24,"minecraft:torch":32},"minecraft:custom":{"minecraft:mob_kills":140,"minecraft:interact_with_crafting_table":49,"minecraft:bell_ring":7,"minecraft:leave_game":2,"minecraft:time_since_death":180464,"minecraft:climb_one_cm":6049,"minecraft:sprint_one_cm":779554,"minecraft:walk_one_cm":462759,"minecraft:damage_blocked_by_shield":4015,"minecraft:drop":87,"minecraft:talked_to_villager":1,"minecraft:play_time":253008,"minecraft:deaths":5,"minecraft:sneak_time":11974,"minecraft:walk_under_water_one_cm":25748,"minecraft:boat_one_cm":280748,"minecraft:jump":5956,"minecraft:enchant_item":6,"minecraft:walk_on_water_one_cm":41164,"minecraft:total_world_time":253008,"minecraft:interact_with_furnace":49,"minecraft:sleep_in_bed":10,"minecraft:time_since_rest":3523,"minecraft:damage_taken":6748,"minecraft:damage_dealt":33977,"minecraft:player_kills":1,"minecraft:swim_one_cm":87309,"minecraft:fly_one_cm":1001310,"minecraft:open_chest":38,"minecraft:crouch_one_cm":36534,"minecraft:fall_one_cm":202550}},"DataVersion":3465}